SNP,Chromosome,Position,DF,t Value,std Error,effect
SCRI_RS_136200,2,2.3,118,1.23687718715191,NA,0.517928753981278
SCRI_RS_156845,2,4,118,1.0169732384722,NA,0.437047325673836
SCRI_RS_133377,2,6.3,118,0.723109036071558,NA,0.31392788344571
SCRI_RS_190048,2,6.3,118,0.723109036071558,NA,0.31392788344571
BOPA2_12_31497,2,8.6,118,0.457334334412433,NA,0.208163114995591
SCRI_RS_141771,2,8.6,118,0.457334334412433,NA,0.208163114995591
SCRI_RS_209516,2,10.4,118,-0.00502709480272828,NA,-0.00231984685763341
BOPA2_12_31284,2,15.4,118,-0.790579774966792,NA,-0.359545168067203
SCRI_RS_185319,2,15.4,118,-0.638145194311973,NA,-0.290235064752023
SCRI_RS_198643,2,15.4,118,-0.638145194311973,NA,-0.290235064752023
BK_12,2,23,118,-0.992940378398668,NA,-0.440714990232629
BK_14,2,23,118,-0.992940378398668,NA,-0.440714990232629
BK_15,2,23,118,-0.749761322927355,NA,-0.333177272898207
BK_16,2,23,118,-1.03761117753972,NA,-0.460519207683073
BOPA2_12_30871,2,23,118,-0.992940378398668,NA,-0.440714990232629
BOPA2_12_30872,2,23,118,-0.992940378398668,NA,-0.440714990232629
SCRI_RS_170337,2,23,118,-0.720574687461027,NA,-0.332166599516515
SCRI_RS_155612,2,24.8,118,-1.5489604833536,NA,-0.724177702785173
BOPA1_7032_201,2,26.8,118,-1.32999826223643,NA,-0.604991575621481
SCRI_RS_120182,2,33.9,118,-0.803542926947646,NA,-0.365516794462647
BOPA2_12_30657,2,39.7,118,-1.59760069367684,NA,-0.905853507205984
SCRI_RS_154981,2,41.2,118,-1.0447089624426,NA,-0.626626124267454
SCRI_RS_194318,2,44.4,118,-1.15556960597085,NA,-0.587722071632206
SCRI_RS_201800,2,48.4,118,-0.534536481664928,NA,-0.285588646039245
SCRI_RS_158928,2,50.5,118,-0.397599329956531,NA,-0.203777788400718
BOPA1_6384_866,2,52.2,118,-0.498462541454303,NA,-0.26718092822435
SCRI_RS_224846,2,52.2,118,-0.498462541454303,NA,-0.26718092822435
BOPA1_946_2500,2,54.2,118,-0.444688148772875,NA,-0.238357313696754
SCRI_RS_144592,2,54.2,118,-0.444688148772875,NA,-0.238357313696754
SCRI_RS_170235,2,56.2,118,0.225195819645675,NA,0.1242357887361
SCRI_RS_240011,2,56.2,118,-0.00906481725623386,NA,-0.00498143592041347
SCRI_RS_185710,2,58.1,118,0.204450546757203,NA,0.109962096726784
BOPA1_4136_869,2,60.7,118,0.425377352821345,NA,0.242313444416852
BOPA1_6911_866,2,60.7,118,0.434423450443991,NA,0.234489663803841
BOPA1_2284_1738,2,62.7,118,0.893958993157043,NA,0.491261910087232
BOPA1_4434_804,2,62.7,118,0.712757062374989,NA,0.382044943574299
SCRI_RS_153531,2,62.7,118,0.59307833958766,NA,0.344670176286195
SCRI_RS_167713,2,62.7,118,0.893958993157043,NA,0.491261910087232
BOPA1_7187_382,2,64.9,118,0.499762431192394,NA,0.301487838537194
BOPA1_7660_476,2,64.9,118,0.499762431192394,NA,0.301487838537194
BOPA2_12_10719,2,64.9,118,0.499762431192394,NA,0.301487838537194
BOPA2_12_31383,2,64.9,118,0.262051973854859,NA,0.158086079006391
SCRI_RS_110043,2,64.9,118,0.499762431192394,NA,0.301487838537194
BOPA1_4037_916,2,66.3,118,0.441776454827335,NA,0.253316468166946
SCRI_RS_9469,2,68.1,118,0.262051973854859,NA,0.158086079006391
SCRI_RS_133539,2,74.2,118,1.35148619025887,NA,0.850392687483843
SCRI_RS_200291,2,76.1,118,1.29857641685213,NA,0.81153660520077
BOPA2_12_30897,2,80,118,1.2643168727472,NA,0.784970854969874
SCRI_RS_196853,2,80,118,1.2643168727472,NA,0.784970854969874
SCRI_RS_88704,2,80,118,1.2643168727472,NA,0.784970854969874
BOPA1_8632_1809,2,82.5,118,1.00778621832178,NA,0.649867922037979
SCRI_RS_119261,2,82.5,118,0.782906302708471,NA,0.512643874220031
SCRI_RS_155456,2,82.5,118,1.00778621832178,NA,0.649867922037979
SCRI_RS_157236,2,82.5,118,1.00778621832178,NA,0.649867922037979
SCRI_RS_176114,2,82.5,118,1.00778621832178,NA,0.649867922037979
SCRI_RS_182039,2,82.5,118,1.00778621832178,NA,0.649867922037979
SCRI_RS_211894,2,82.5,118,1.00778621832178,NA,0.649867922037979
SCRI_RS_237481,2,82.5,118,1.00778621832178,NA,0.649867922037979
BOPA1_11591_265,2,88.5,118,1.06244362372953,NA,0.772170320642253
SCRI_RS_129223,2,88.5,118,1.06244362372953,NA,0.772170320642253
SCRI_RS_135112,2,88.5,118,1.06244362372953,NA,0.772170320642253
SCRI_RS_144778,2,88.5,118,1.06244362372953,NA,0.772170320642253
SCRI_RS_222876,2,88.5,118,1.06244362372953,NA,0.772170320642253
BOPA1_111_499,2,106.4,118,0.968204858537953,NA,0.466336187471859
BOPA1_3180_1771,2,106.4,118,0.968204858537953,NA,0.466336187471859
BOPA1_871_462,2,106.4,118,0.952006041726113,NA,0.473131718168055
BOPA1_2464_1228,2,119.8,118,0.0422942687947391,NA,0.0174263412615448
BOPA2_12_30690,2,119.8,118,0.0701986413630555,NA,0.0288559028411152
SCRI_RS_139840,2,119.8,118,0.0701986413630555,NA,0.0288559028411152
SCRI_RS_209551,2,120.7,118,0.11720719278752,NA,0.0474421371816406
SCRI_RS_142314,2,123.5,118,0.268941769212805,NA,0.106660382784302
SCRI_RS_198883,2,123.5,118,0.14197247333605,NA,0.0548330217820926
SCRI_RS_106163,2,129.7,118,-1.03682801318653,NA,-0.402370839112352
SCRI_RS_161490,2,132.6,118,-1.44365428764223,NA,-0.565094178731758
BOPA2_12_10487,2,135.6,118,-1.87231688927497,NA,-0.735159640376057
BOPA2_12_10950,2,135.6,118,-1.87231688927497,NA,-0.735159640376057
SCRI_RS_172784,2,135.6,118,-1.87231688927497,NA,-0.735159640376057
SCRI_RS_204274,2,135.6,118,-1.67868050710886,NA,-0.659128892647192
SCRI_RS_234587,2,135.6,118,-1.87231688927497,NA,-0.735159640376057
SCRI_RS_44952,2,135.6,118,-1.91364323035927,NA,-0.753966582333047
SCRI_RS_152664,2,138.6,118,-1.82570820269149,NA,-0.714642755010789
SCRI_RS_156013,2,138.6,118,-1.82570820269149,NA,-0.714642755010789
SCRI_RS_174077,2,138.6,118,-1.82570820269149,NA,-0.714642755010789
SCRI_RS_194653,2,138.6,118,-1.82570820269149,NA,-0.714642755010789
SCRI_RS_116590,2,140.8,118,-0.908218226509317,NA,-0.365217926897125
SCRI_RS_172136,2,142.6,118,-0.849622942041127,NA,-0.346820178222337
SCRI_RS_73620,2,142.6,118,-0.849622942041127,NA,-0.346820178222337
SCRI_RS_170209,2,144.4,118,-0.830464827369127,NA,-0.349683382594942
SCRI_RS_139106,2,146.4,118,-0.0530152659779923,NA,-0.021493683566154
SCRI_RS_139115,2,146.4,118,-0.0530152659779923,NA,-0.021493683566154
SCRI_RS_142982,2,146.4,118,-0.0530152659779923,NA,-0.021493683566154
SCRI_RS_139737,2,148.2,118,0.0285882242150982,NA,0.0119710052865941
